{
  "d": 128,
  "bits": 4,
  "n_levels": 16,
  "bounds": [
    -1.0,
    -0.2092498823780246,
    -0.1613205664466844,
    -0.1260467699116436,
    -0.09655840221148604,
    -0.07030036911099535,
    -0.04596192830055223,
    -0.022727030683238125,
    5.465150901273752e-13,
    0.022727030684347196,
    0.04596192830171002,
    0.07030036911223692,
    0.09655840221285761,
    0.12604676991323258,
    0.16132056644869192,
    0.20924988238112927,
    1.0
  ],
  "centroids": [
    -0.23766381470750989,
    -0.18083595004853933,
    -0.14180518284482946,
    -0.11028835697845774,
    -0.08282844744451434,
    -0.05777229077747637,
    -0.034151565823628084,
    -0.011302495542848163,
    0.011302495543941193,
    0.0341515658247532,
    0.05777229077866684,
    0.08282844744580699,
    0.11028835697990821,
    0.14180518284655694,
    0.18083595005082687,
    0.23766381471143166
  ],
  "mse": 7.277180952514325e-05
}