{
  "d": 64,
  "bits": 4,
  "n_levels": 16,
  "bounds": [
    -1.0,
    -0.29185500899115957,
    -0.22588492389930473,
    -0.1768908245315305,
    -0.13570613165361078,
    -0.09889925393748603,
    -0.06470077112523148,
    -0.03200440057513898,
    5.540914949087039e-13,
    0.03200440057625867,
    0.06470077112639001,
    0.0988992539387218,
    0.13570613165498377,
    0.17689082453314922,
    0.22588492390140474,
    0.2918550089944044,
    1.0
  ],
  "centroids": [
    -0.33079630094789647,
    -0.2529137170344226,
    -0.19885613076418684,
    -0.15492551829887416,
    -0.11648674500834742,
    -0.08131176286662463,
    -0.048089779383838335,
    -0.015919021766439626,
    0.01591902176754781,
    0.04808977938496952,
    0.0813117628678105,
    0.1164867450096331,
    0.15492551830033444,
    0.198856130765964,
    0.2529137170368455,
    0.3307963009519633
  ],
  "mse": 0.00014267999294266862
}