{
  "d": 64,
  "bits": 3,
  "n_levels": 8,
  "bounds": [
    -1.0,
    -0.21504089316943342,
    -0.13000005969060363,
    -0.06215072032766696,
    1.4649219337581343e-13,
    0.062150720327972205,
    0.1300000596909603,
    0.2150408931699667,
    1.0
  ],
  "centroids": [
    -0.26391392902069605,
    -0.16616785731817083,
    -0.09383226206303641,
    -0.03046917859229752,
    0.030469178592590504,
    0.0938322620633539,
    0.1661678573185667,
    0.2639139290213667
  ],
  "mse": 0.0005217318025355119
}