{
  "d": 128,
  "bits": 3,
  "n_levels": 8,
  "bounds": [
    -1.0,
    -0.15326847249287512,
    -0.09236268422987715,
    -0.04409495773216509,
    1.3937635767735657e-13,
    0.04409495773245926,
    0.09236268423022255,
    0.153268472493368,
    1.0
  ],
  "centroids": [
    -0.18839718192180704,
    -0.11813976306394319,
    -0.06658560539581111,
    -0.021604310068519067,
    0.02160431006879782,
    0.0665856053961207,
    0.1181397630643244,
    0.18839718192241162
  ],
  "mse": 0.0002653588274442975
}