{
  "d": 64,
  "bits": 2,
  "n_levels": 4,
  "bounds": [
    -1.0,
    -0.12200585862483536,
    3.438568874081227e-14,
    0.12200585862491889,
    1.0
  ],
  "centroids": [
    -0.18749684868597705,
    -0.056514868563693664,
    0.056514868563762435,
    0.18749684868607536
  ],
  "mse": 0.001789464977481388
}