{
  "d": 128,
  "bits": 2,
  "n_levels": 4,
  "bounds": [
    -1.0,
    -0.08651655706985759,
    3.324424069361953e-14,
    0.08651655706993919,
    1.0
  ],
  "centroids": [
    -0.13304151922766785,
    -0.03999159491204732,
    0.039991594912113806,
    0.13304151922776458
  ],
  "mse": 0.000906250575493986
}